{"dt":0.02,"vmax":8.0,"amax":5.0,"jmax":60.0,"wheelbasewidth":2.458,"waypoints":[{"x":23.0,"y":20.0,"angle":-0.1308996938995747},{"x":19.0,"y":19.7,"angle":3.3161255787892263}],"fitMethod":"HERMITE_QUINTIC","sampleRate":100000}
