{"dt":0.02,"vmax":8.0,"amax":5.0,"jmax":60.0,"wheelbasewidth":2.458,"waypoints":[{"x":23.0,"y":20.0,"angle":-0.1308996938995747},{"x":18.3,"y":18.65,"angle":4.101523742186674}],"fitMethod":"HERMITE_QUINTIC","sampleRate":100000}
