{"dt":0.02,"vmax":8.0,"amax":5.0,"jmax":60.0,"wheelbasewidth":2.458,"waypoints":[{"x":23.0,"y":20.0,"angle":-0.1308996938995747},{"x":18.0,"y":17.0,"angle":4.537856055185257}],"fitMethod":"HERMITE_QUINTIC","sampleRate":100000}
